bareme,anciennete,echelle
21336.28,0,100/1
21962.22,1,100/1
22588.16,2,100/1
24628.7,3,100/1
24628.7,4,100/1
25592.64,5,100/1
25592.64,6,100/1
26556.58,7,100/1
26556.58,8,100/1
29172.98,9,100/1
29172.98,10,100/1
30136.92,11,100/1
30136.92,12,100/1
31100.86,13,100/1
31100.86,14,100/1
32064.8,15,100/1
32064.8,16,100/1
33028.74,17,100/1
33028.74,18,100/1
33992.68,19,100/1
33992.68,20,100/1
34956.62,21,100/1
34956.62,22,100/1
35920.56,23,100/1
35920.56,24,100/1
36566.53,25,100/1
36566.53,26,100/1
37212.5,27,100/1
37212.5,28,100/1
37858.47,29,100/1
37858.47,30,100/1
38504.44,31,100/1
38504.44,32,100/1
39150.41,33,100/1
39150.41,34,100/1
39150.41,35,100/1
39150.41,36,100/1
39150.41,37,100/1
39150.41,38,100/1
39150.41,39,100/1
39150.41,40,100/1
39150.41,41,100/1
39150.41,42,100/1
39150.41,43,100/1
39150.41,44,100/1
39150.41,45,100/1
22976.23,0,100/2
23602.17,1,100/2
24228.11,2,100/2
26268.65,3,100/2
26268.65,4,100/2
27232.59,5,100/2
27232.59,6,100/2
28196.53,7,100/2
28196.53,8,100/2
30812.93,9,100/2
30812.93,10,100/2
31776.87,11,100/2
31776.87,12,100/2
32740.81,13,100/2
32740.81,14,100/2
33704.75,15,100/2
33704.75,16,100/2
34668.69,17,100/2
34668.69,18,100/2
35632.63,19,100/2
35632.63,20,100/2
36596.57,21,100/2
36596.57,22,100/2
37560.51,23,100/2
37560.51,24,100/2
38206.48,25,100/2
38206.48,26,100/2
38852.45,27,100/2
38852.45,28,100/2
39498.42,29,100/2
39498.42,30,100/2
40144.39,31,100/2
40144.39,32,100/2
40790.36,33,100/2
40790.36,34,100/2
40790.36,35,100/2
40790.36,36,100/2
40790.36,37,100/2
40790.36,38,100/2
40790.36,39,100/2
40790.36,40,100/2
40790.36,41,100/2
40790.36,42,100/2
40790.36,43,100/2
40790.36,44,100/2
40790.36,45,100/2
26268.63,0,100/3
26894.57,1,100/3
27520.51,2,100/3
29561.05,3,100/3
29561.05,4,100/3
30524.99,5,100/3
30524.99,6,100/3
31488.93,7,100/3
31488.93,8,100/3
34105.33,9,100/3
34105.33,10,100/3
35069.27,11,100/3
35069.27,12,100/3
36033.21,13,100/3
36033.21,14,100/3
36997.15,15,100/3
36997.15,16,100/3
37961.09,17,100/3
37961.09,18,100/3
38925.03,19,100/3
38925.03,20,100/3
39888.97,21,100/3
39888.97,22,100/3
40852.91,23,100/3
40852.91,24,100/3
41498.88,25,100/3
41498.88,26,100/3
42144.85,27,100/3
42144.85,28,100/3
42790.82,29,100/3
42790.82,30,100/3
43436.79,31,100/3
43436.79,32,100/3
44082.76,33,100/3
44082.76,34,100/3
44082.76,35,100/3
44082.76,36,100/3
44082.76,37,100/3
44082.76,38,100/3
44082.76,39,100/3
44082.76,40,100/3
44082.76,41,100/3
44082.76,42,100/3
44082.76,43,100/3
44082.76,44,100/3
44082.76,45,100/3
21336.28,0,101/1
21962.22,1,101/1
22588.16,2,101/1
24628.7,3,101/1
24628.7,4,101/1
25592.64,5,101/1
25592.64,6,101/1
26556.58,7,101/1
26556.58,8,101/1
29172.98,9,101/1
29172.98,10,101/1
30136.92,11,101/1
30136.92,12,101/1
31100.86,13,101/1
31100.86,14,101/1
32064.8,15,101/1
32064.8,16,101/1
33028.74,17,101/1
33028.74,18,101/1
33992.68,19,101/1
33992.68,20,101/1
34956.62,21,101/1
34956.62,22,101/1
35920.56,23,101/1
35920.56,24,101/1
36566.53,25,101/1
36566.53,26,101/1
37212.5,27,101/1
37212.5,28,101/1
37858.47,29,101/1
37858.47,30,101/1
38504.44,31,101/1
38504.44,32,101/1
39150.41,33,101/1
39150.41,34,101/1
39150.41,35,101/1
39150.41,36,101/1
39150.41,37,101/1
39150.41,38,101/1
39150.41,39,101/1
39150.41,40,101/1
39150.41,41,101/1
39150.41,42,101/1
39150.41,43,101/1
39150.41,44,101/1
39150.41,45,101/1
22976.23,0,101/2
23602.17,1,101/2
24228.11,2,101/2
26268.65,3,101/2
26268.65,4,101/2
27232.59,5,101/2
27232.59,6,101/2
28196.53,7,101/2
28196.53,8,101/2
30812.93,9,101/2
30812.93,10,101/2
31776.87,11,101/2
31776.87,12,101/2
32740.81,13,101/2
32740.81,14,101/2
33704.75,15,101/2
33704.75,16,101/2
34668.69,17,101/2
34668.69,18,101/2
35632.63,19,101/2
35632.63,20,101/2
36596.57,21,101/2
36596.57,22,101/2
37560.51,23,101/2
37560.51,24,101/2
38206.48,25,101/2
38206.48,26,101/2
38852.45,27,101/2
38852.45,28,101/2
39498.42,29,101/2
39498.42,30,101/2
40144.39,31,101/2
40144.39,32,101/2
40790.36,33,101/2
40790.36,34,101/2
40790.36,35,101/2
40790.36,36,101/2
40790.36,37,101/2
40790.36,38,101/2
40790.36,39,101/2
40790.36,40,101/2
40790.36,41,101/2
40790.36,42,101/2
40790.36,43,101/2
40790.36,44,101/2
40790.36,45,101/2
26268.63,0,101/3
26894.57,1,101/3
27520.51,2,101/3
29561.05,3,101/3
29561.05,4,101/3
30524.99,5,101/3
30524.99,6,101/3
31488.93,7,101/3
31488.93,8,101/3
34105.33,9,101/3
34105.33,10,101/3
35069.27,11,101/3
35069.27,12,101/3
36033.21,13,101/3
36033.21,14,101/3
36997.15,15,101/3
36997.15,16,101/3
37961.09,17,101/3
37961.09,18,101/3
38925.03,19,101/3
38925.03,20,101/3
39888.97,21,101/3
39888.97,22,101/3
40852.91,23,101/3
40852.91,24,101/3
41498.88,25,101/3
41498.88,26,101/3
42144.85,27,101/3
42144.85,28,101/3
42790.82,29,101/3
42790.82,30,101/3
43436.79,31,101/3
43436.79,32,101/3
44082.76,33,101/3
44082.76,34,101/3
44082.76,35,101/3
44082.76,36,101/3
44082.76,37,101/3
44082.76,38,101/3
44082.76,39,101/3
44082.76,40,101/3
44082.76,41,101/3
44082.76,42,101/3
44082.76,43,101/3
44082.76,44,101/3
44082.76,45,101/3
21336.28,0,102/1
21962.22,1,102/1
22588.16,2,102/1
24628.7,3,102/1
24628.7,4,102/1
25592.64,5,102/1
25592.64,6,102/1
26556.58,7,102/1
26556.58,8,102/1
29172.98,9,102/1
29172.98,10,102/1
30136.92,11,102/1
30136.92,12,102/1
31100.86,13,102/1
31100.86,14,102/1
32064.8,15,102/1
32064.8,16,102/1
33028.74,17,102/1
33028.74,18,102/1
33992.68,19,102/1
33992.68,20,102/1
34956.62,21,102/1
34956.62,22,102/1
35920.56,23,102/1
35920.56,24,102/1
36566.53,25,102/1
36566.53,26,102/1
37212.5,27,102/1
37212.5,28,102/1
37858.47,29,102/1
37858.47,30,102/1
38504.44,31,102/1
38504.44,32,102/1
39150.41,33,102/1
39150.41,34,102/1
39150.41,35,102/1
39150.41,36,102/1
39150.41,37,102/1
39150.41,38,102/1
39150.41,39,102/1
39150.41,40,102/1
39150.41,41,102/1
39150.41,42,102/1
39150.41,43,102/1
39150.41,44,102/1
39150.41,45,102/1
22976.23,0,102/2
23602.17,1,102/2
24228.11,2,102/2
26268.65,3,102/2
26268.65,4,102/2
27232.59,5,102/2
27232.59,6,102/2
28196.53,7,102/2
28196.53,8,102/2
30812.93,9,102/2
30812.93,10,102/2
31776.87,11,102/2
31776.87,12,102/2
32740.81,13,102/2
32740.81,14,102/2
33704.75,15,102/2
33704.75,16,102/2
34668.69,17,102/2
34668.69,18,102/2
35632.63,19,102/2
35632.63,20,102/2
36596.57,21,102/2
36596.57,22,102/2
37560.51,23,102/2
37560.51,24,102/2
38206.48,25,102/2
38206.48,26,102/2
38852.45,27,102/2
38852.45,28,102/2
39498.42,29,102/2
39498.42,30,102/2
40144.39,31,102/2
40144.39,32,102/2
40790.36,33,102/2
40790.36,34,102/2
40790.36,35,102/2
40790.36,36,102/2
40790.36,37,102/2
40790.36,38,102/2
40790.36,39,102/2
40790.36,40,102/2
40790.36,41,102/2
40790.36,42,102/2
40790.36,43,102/2
40790.36,44,102/2
40790.36,45,102/2
26268.63,0,102/3
26894.57,1,102/3
27520.51,2,102/3
29561.05,3,102/3
29561.05,4,102/3
30524.99,5,102/3
30524.99,6,102/3
31488.93,7,102/3
31488.93,8,102/3
34105.33,9,102/3
34105.33,10,102/3
35069.27,11,102/3
35069.27,12,102/3
36033.21,13,102/3
36033.21,14,102/3
36997.15,15,102/3
36997.15,16,102/3
37961.09,17,102/3
37961.09,18,102/3
38925.03,19,102/3
38925.03,20,102/3
39888.97,21,102/3
39888.97,22,102/3
40852.91,23,102/3
40852.91,24,102/3
41498.88,25,102/3
41498.88,26,102/3
42144.85,27,102/3
42144.85,28,102/3
42790.82,29,102/3
42790.82,30,102/3
43436.79,31,102/3
43436.79,32,102/3
44082.76,33,102/3
44082.76,34,102/3
44082.76,35,102/3
44082.76,36,102/3
44082.76,37,102/3
44082.76,38,102/3
44082.76,39,102/3
44082.76,40,102/3
44082.76,41,102/3
44082.76,42,102/3
44082.76,43,102/3
44082.76,44,102/3
44082.76,45,102/3
26043.28,0,110/1
26669.22,1,110/1
27295.16,2,110/1
27921.1,3,110/1
27921.1,4,110/1
28885.04,5,110/1
28885.04,6,110/1
29848.98,7,110/1
29848.98,8,110/1
30812.92,9,110/1
30812.92,10,110/1
31776.86,11,110/1
31776.86,12,110/1
32740.8,13,110/1
32740.8,14,110/1
33704.74,15,110/1
33704.74,16,110/1
34668.68,17,110/1
34668.68,18,110/1
35632.62,19,110/1
35632.62,20,110/1
36596.56,21,110/1
36596.56,22,110/1
37560.5,23,110/1
37560.5,24,110/1
37560.5,25,110/1
37560.5,26,110/1
37560.5,27,110/1
37560.5,28,110/1
37858.47,29,110/1
37858.47,30,110/1
38504.44,31,110/1
38504.44,32,110/1
39150.41,33,110/1
39150.41,34,110/1
39150.41,35,110/1
39150.41,36,110/1
39150.41,37,110/1
39150.41,38,110/1
39150.41,39,110/1
39150.41,40,110/1
39150.41,41,110/1
39150.41,42,110/1
39150.41,43,110/1
39150.41,44,110/1
39150.41,45,110/1
27683.23,0,110/2
28309.17,1,110/2
28935.11,2,110/2
29561.05,3,110/2
29561.05,4,110/2
30524.99,5,110/2
30524.99,6,110/2
31488.93,7,110/2
31488.93,8,110/2
32452.87,9,110/2
32452.87,10,110/2
33416.81,11,110/2
33416.81,12,110/2
34380.75,13,110/2
34380.75,14,110/2
35344.69,15,110/2
35344.69,16,110/2
36308.63,17,110/2
36308.63,18,110/2
37272.57,19,110/2
37272.57,20,110/2
38236.51,21,110/2
38236.51,22,110/2
39200.45,23,110/2
39200.45,24,110/2
39200.45,25,110/2
39200.45,26,110/2
39200.45,27,110/2
39200.45,28,110/2
39498.42,29,110/2
39498.42,30,110/2
40144.39,31,110/2
40144.39,32,110/2
40790.36,33,110/2
40790.36,34,110/2
40790.36,35,110/2
40790.36,36,110/2
40790.36,37,110/2
40790.36,38,110/2
40790.36,39,110/2
40790.36,40,110/2
40790.36,41,110/2
40790.36,42,110/2
40790.36,43,110/2
40790.36,44,110/2
40790.36,45,110/2
30975.63,0,110/3
31601.57,1,110/3
32227.51,2,110/3
32853.45,3,110/3
32853.45,4,110/3
33817.39,5,110/3
33817.39,6,110/3
34781.33,7,110/3
34781.33,8,110/3
35745.27,9,110/3
35745.27,10,110/3
36709.21,11,110/3
36709.21,12,110/3
37673.15,13,110/3
37673.15,14,110/3
38637.09,15,110/3
38637.09,16,110/3
39601.03,17,110/3
39601.03,18,110/3
40564.97,19,110/3
40564.97,20,110/3
41528.91,21,110/3
41528.91,22,110/3
42492.85,23,110/3
42492.85,24,110/3
42492.85,25,110/3
42492.85,26,110/3
42492.85,27,110/3
42492.85,28,110/3
42790.82,29,110/3
42790.82,30,110/3
43436.79,31,110/3
43436.79,32,110/3
44082.76,33,110/3
44082.76,34,110/3
44082.76,35,110/3
44082.76,36,110/3
44082.76,37,110/3
44082.76,38,110/3
44082.76,39,110/3
44082.76,40,110/3
44082.76,41,110/3
44082.76,42,110/3
44082.76,43,110/3
44082.76,44,110/3
44082.76,45,110/3
29047.75,0,120/1
29047.75,1,120/1
30387.25,2,120/1
30387.25,3,120/1
31726.75,4,120/1
31726.75,5,120/1
33066.25,6,120/1
33066.25,7,120/1
34405.75,8,120/1
34405.75,9,120/1
35745.25,10,120/1
35745.25,11,120/1
37084.75,12,120/1
37084.75,13,120/1
38424.25,14,120/1
38424.25,15,120/1
39763.75,16,120/1
39763.75,17,120/1
41103.25,18,120/1
41103.25,19,120/1
42442.75,20,120/1
42442.75,21,120/1
43782.25,22,120/1
43782.25,23,120/1
44452.0,24,120/1
44452.0,25,120/1
45121.75,26,120/1
45121.75,27,120/1
45791.5,28,120/1
45791.5,29,120/1
46461.25,30,120/1
46461.25,31,120/1
47131.0,32,120/1
47131.0,33,120/1
47131.0,34,120/1
47131.0,35,120/1
47131.0,36,120/1
47131.0,37,120/1
47131.0,38,120/1
47131.0,39,120/1
47131.0,40,120/1
47131.0,41,120/1
47131.0,42,120/1
47131.0,43,120/1
47131.0,44,120/1
47131.0,45,120/1
30712.72,0,120/2
30712.72,1,120/2
32052.22,2,120/2
32052.22,3,120/2
33391.72,4,120/2
33391.72,5,120/2
34731.22,6,120/2
34731.22,7,120/2
36070.72,8,120/2
36070.72,9,120/2
37410.22,10,120/2
37410.22,11,120/2
38749.72,12,120/2
38749.72,13,120/2
40089.22,14,120/2
40089.22,15,120/2
41428.72,16,120/2
41428.72,17,120/2
42768.22,18,120/2
42768.22,19,120/2
44107.72,20,120/2
44107.72,21,120/2
45447.22,22,120/2
45447.22,23,120/2
46116.97,24,120/2
46116.97,25,120/2
46786.72,26,120/2
46786.72,27,120/2
47456.47,28,120/2
47456.47,29,120/2
48126.22,30,120/2
48126.22,31,120/2
48795.97,32,120/2
48795.97,33,120/2
48795.97,34,120/2
48795.97,35,120/2
48795.97,36,120/2
48795.97,37,120/2
48795.97,38,120/2
48795.97,39,120/2
48795.97,40,120/2
48795.97,41,120/2
48795.97,42,120/2
48795.97,43,120/2
48795.97,44,120/2
48795.97,45,120/2
36884.41,0,120/3
36884.41,1,120/3
38223.91,2,120/3
38223.91,3,120/3
39563.41,4,120/3
39563.41,5,120/3
40902.91,6,120/3
40902.91,7,120/3
42242.41,8,120/3
42242.41,9,120/3
43581.91,10,120/3
43581.91,11,120/3
44921.41,12,120/3
44921.41,13,120/3
46260.91,14,120/3
46260.91,15,120/3
47600.41,16,120/3
47600.41,17,120/3
48939.91,18,120/3
48939.91,19,120/3
50279.41,20,120/3
50279.41,21,120/3
51618.91,22,120/3
51618.91,23,120/3
52288.66,24,120/3
52288.66,25,120/3
52958.41,26,120/3
52958.41,27,120/3
53628.16,28,120/3
53628.16,29,120/3
54297.91,30,120/3
54297.91,31,120/3
54967.66,32,120/3
54967.66,33,120/3
54967.66,34,120/3
54967.66,35,120/3
54967.66,36,120/3
54967.66,37,120/3
54967.66,38,120/3
54967.66,39,120/3
54967.66,40,120/3
54967.66,41,120/3
54967.66,42,120/3
54967.66,43,120/3
54967.66,44,120/3
54967.66,45,120/3
38136.27,0,120/4
38136.27,1,120/4
39475.77,2,120/4
39475.77,3,120/4
40815.27,4,120/4
40815.27,5,120/4
42154.77,6,120/4
42154.77,7,120/4
43494.27,8,120/4
43494.27,9,120/4
44833.77,10,120/4
44833.77,11,120/4
46173.27,12,120/4
46173.27,13,120/4
47512.77,14,120/4
47512.77,15,120/4
48852.27,16,120/4
48852.27,17,120/4
50191.77,18,120/4
50191.77,19,120/4
51531.27,20,120/4
51531.27,21,120/4
52870.77,22,120/4
52870.77,23,120/4
53540.52,24,120/4
53540.52,25,120/4
54210.27,26,120/4
54210.27,27,120/4
54880.02,28,120/4
54880.02,29,120/4
55549.77,30,120/4
55549.77,31,120/4
56219.52,32,120/4
56219.52,33,120/4
56219.52,34,120/4
56219.52,35,120/4
56219.52,36,120/4
56219.52,37,120/4
56219.52,38,120/4
56219.52,39,120/4
56219.52,40,120/4
56219.52,41,120/4
56219.52,42,120/4
56219.52,43,120/4
56219.52,44,120/4
56219.52,45,120/4
39863.84,0,150/1
39863.84,1,150/1
41203.34,2,150/1
41203.34,3,150/1
42542.84,4,150/1
42542.84,5,150/1
43882.34,6,150/1
43882.34,7,150/1
45221.84,8,150/1
45221.84,9,150/1
46561.34,10,150/1
46561.34,11,150/1
47900.84,12,150/1
47900.84,13,150/1
49240.34,14,150/1
49240.34,15,150/1
50579.84,16,150/1
50579.84,17,150/1
51919.34,18,150/1
51919.34,19,150/1
53258.84,20,150/1
53258.84,21,150/1
54598.34,22,150/1
54598.34,23,150/1
54598.34,24,150/1
54598.34,25,150/1
54598.34,26,150/1
54598.34,27,150/1
54598.34,28,150/1
54598.34,29,150/1
54598.34,30,150/1
54598.34,31,150/1
54598.34,32,150/1
54598.34,33,150/1
54598.34,34,150/1
54598.34,35,150/1
54598.34,36,150/1
54598.34,37,150/1
54598.34,38,150/1
54598.34,39,150/1
54598.34,40,150/1
54598.34,41,150/1
54598.34,42,150/1
54598.34,43,150/1
54598.34,44,150/1
54598.34,45,150/1
47362.49,0,160/1
47362.49,1,160/1
48701.99,2,160/1
48701.99,3,160/1
50041.49,4,160/1
50041.49,5,160/1
51380.99,6,160/1
51380.99,7,160/1
52720.49,8,160/1
52720.49,9,160/1
54059.99,10,160/1
54059.99,11,160/1
55399.49,12,160/1
55399.49,13,160/1
56738.99,14,160/1
56738.99,15,160/1
58078.49,16,160/1
58078.49,17,160/1
59417.99,18,160/1
59417.99,19,160/1
60757.49,20,160/1
60757.49,21,160/1
62096.99,22,160/1
62096.99,23,160/1
62096.99,24,160/1
62096.99,25,160/1
62096.99,26,160/1
62096.99,27,160/1
62096.99,28,160/1
62096.99,29,160/1
62096.99,30,160/1
62096.99,31,160/1
62096.99,32,160/1
62096.99,33,160/1
62096.99,34,160/1
62096.99,35,160/1
62096.99,36,160/1
62096.99,37,160/1
62096.99,38,160/1
62096.99,39,160/1
62096.99,40,160/1
62096.99,41,160/1
62096.99,42,160/1
62096.99,43,160/1
62096.99,44,160/1
62096.99,45,160/1
52394.98,0,170/1
52394.98,1,170/1
53957.31,2,170/1
53957.31,3,170/1
55519.64,4,170/1
55519.64,5,170/1
57081.97,6,170/1
57081.97,7,170/1
58644.3,8,170/1
58644.3,9,170/1
60206.63,10,170/1
60206.63,11,170/1
61768.96,12,170/1
61768.96,13,170/1
63331.29,14,170/1
63331.29,15,170/1
64893.62,16,170/1
64893.62,17,170/1
66455.95,18,170/1
66455.95,19,170/1
68018.28,20,170/1
68018.28,21,170/1
69580.61,22,170/1
69580.61,23,170/1
69580.61,24,170/1
69580.61,25,170/1
69580.61,26,170/1
69580.61,27,170/1
69580.61,28,170/1
69580.61,29,170/1
69580.61,30,170/1
69580.61,31,170/1
69580.61,32,170/1
69580.61,33,170/1
69580.61,34,170/1
69580.61,35,170/1
69580.61,36,170/1
69580.61,37,170/1
69580.61,38,170/1
69580.61,39,170/1
69580.61,40,170/1
69580.61,41,170/1
69580.61,42,170/1
69580.61,43,170/1
69580.61,44,170/1
69580.61,45,170/1
14275.77,0,200/1
14551.19,1,200/1
14826.61,2,200/1
15402.18,3,200/1
15402.18,4,200/1
16040.63,5,200/1
16040.63,6,200/1
16679.08,7,200/1
16679.08,8,200/1
17617.68,9,200/1
17617.68,10,200/1
18256.13,11,200/1
18256.13,12,200/1
18894.58,13,200/1
18894.58,14,200/1
19533.03,15,200/1
19533.03,16,200/1
20171.48,17,200/1
20171.48,18,200/1
20809.93,19,200/1
20809.93,20,200/1
21448.38,21,200/1
21448.38,22,200/1
22086.83,23,200/1
22086.83,24,200/1
22725.28,25,200/1
22725.28,26,200/1
23363.73,27,200/1
23363.73,28,200/1
24002.18,29,200/1
24002.18,30,200/1
24640.63,31,200/1
24640.63,32,200/1
25019.92,33,200/1
25019.92,34,200/1
25399.21,35,200/1
25399.21,36,200/1
25778.5,37,200/1
25778.5,38,200/1
26157.79,39,200/1
26157.79,40,200/1
26537.08,41,200/1
26537.08,42,200/1
26537.08,43,200/1
26537.08,44,200/1
26537.08,45,200/1
15102.0,0,200/2
15377.42,1,200/2
15652.84,2,200/2
16228.41,3,200/2
16228.41,4,200/2
16866.86,5,200/2
16866.86,6,200/2
17505.31,7,200/2
17505.31,8,200/2
18443.91,9,200/2
18443.91,10,200/2
19082.36,11,200/2
19082.36,12,200/2
19720.81,13,200/2
19720.81,14,200/2
20359.26,15,200/2
20359.26,16,200/2
20997.71,17,200/2
20997.71,18,200/2
21636.16,19,200/2
21636.16,20,200/2
22274.61,21,200/2
22274.61,22,200/2
22913.06,23,200/2
22913.06,24,200/2
23551.51,25,200/2
23551.51,26,200/2
24189.96,27,200/2
24189.96,28,200/2
24828.41,29,200/2
24828.41,30,200/2
25466.86,31,200/2
25466.86,32,200/2
25846.15,33,200/2
25846.15,34,200/2
26225.44,35,200/2
26225.44,36,200/2
26604.73,37,200/2
26604.73,38,200/2
26984.02,39,200/2
26984.02,40,200/2
27363.31,41,200/2
27363.31,42,200/2
27363.31,43,200/2
27363.31,44,200/2
27363.31,45,200/2
14275.77,0,201/1
14551.19,1,201/1
14826.61,2,201/1
15402.18,3,201/1
15402.18,4,201/1
16040.63,5,201/1
16040.63,6,201/1
16679.08,7,201/1
16679.08,8,201/1
17617.68,9,201/1
17617.68,10,201/1
18256.13,11,201/1
18256.13,12,201/1
18894.58,13,201/1
18894.58,14,201/1
19533.03,15,201/1
19533.03,16,201/1
20171.48,17,201/1
20171.48,18,201/1
20809.93,19,201/1
20809.93,20,201/1
21448.38,21,201/1
21448.38,22,201/1
22086.83,23,201/1
22086.83,24,201/1
22725.28,25,201/1
22725.28,26,201/1
23363.73,27,201/1
23363.73,28,201/1
24002.18,29,201/1
24002.18,30,201/1
24640.63,31,201/1
24640.63,32,201/1
25019.92,33,201/1
25019.92,34,201/1
25399.21,35,201/1
25399.21,36,201/1
25778.5,37,201/1
25778.5,38,201/1
26157.79,39,201/1
26157.79,40,201/1
26537.08,41,201/1
26537.08,42,201/1
26537.08,43,201/1
26537.08,44,201/1
26537.08,45,201/1
15102.0,0,201/2
15377.42,1,201/2
15652.84,2,201/2
16228.41,3,201/2
16228.41,4,201/2
16866.86,5,201/2
16866.86,6,201/2
17505.31,7,201/2
17505.31,8,201/2
18443.91,9,201/2
18443.91,10,201/2
19082.36,11,201/2
19082.36,12,201/2
19720.81,13,201/2
19720.81,14,201/2
20359.26,15,201/2
20359.26,16,201/2
20997.71,17,201/2
20997.71,18,201/2
21636.16,19,201/2
21636.16,20,201/2
22274.61,21,201/2
22274.61,22,201/2
22913.06,23,201/2
22913.06,24,201/2
23551.51,25,201/2
23551.51,26,201/2
24189.96,27,201/2
24189.96,28,201/2
24828.41,29,201/2
24828.41,30,201/2
25466.86,31,201/2
25466.86,32,201/2
25846.15,33,201/2
25846.15,34,201/2
26225.44,35,201/2
26225.44,36,201/2
26604.73,37,201/2
26604.73,38,201/2
26984.02,39,201/2
26984.02,40,201/2
27363.31,41,201/2
27363.31,42,201/2
27363.31,43,201/2
27363.31,44,201/2
27363.31,45,201/2
14275.77,0,202/1
14551.19,1,202/1
14826.61,2,202/1
15402.18,3,202/1
15402.18,4,202/1
16040.63,5,202/1
16040.63,6,202/1
16679.08,7,202/1
16679.08,8,202/1
17617.68,9,202/1
17617.68,10,202/1
18256.13,11,202/1
18256.13,12,202/1
18894.58,13,202/1
18894.58,14,202/1
19533.03,15,202/1
19533.03,16,202/1
20171.48,17,202/1
20171.48,18,202/1
20809.93,19,202/1
20809.93,20,202/1
21448.38,21,202/1
21448.38,22,202/1
22086.83,23,202/1
22086.83,24,202/1
22725.28,25,202/1
22725.28,26,202/1
23363.73,27,202/1
23363.73,28,202/1
24002.18,29,202/1
24002.18,30,202/1
24640.63,31,202/1
24640.63,32,202/1
25019.92,33,202/1
25019.92,34,202/1
25399.21,35,202/1
25399.21,36,202/1
25778.5,37,202/1
25778.5,38,202/1
26157.79,39,202/1
26157.79,40,202/1
26537.08,41,202/1
26537.08,42,202/1
26537.08,43,202/1
26537.08,44,202/1
26537.08,45,202/1
15102.0,0,202/2
15377.42,1,202/2
15652.84,2,202/2
16228.41,3,202/2
16228.41,4,202/2
16866.86,5,202/2
16866.86,6,202/2
17505.31,7,202/2
17505.31,8,202/2
18443.91,9,202/2
18443.91,10,202/2
19082.36,11,202/2
19082.36,12,202/2
19720.81,13,202/2
19720.81,14,202/2
20359.26,15,202/2
20359.26,16,202/2
20997.71,17,202/2
20997.71,18,202/2
21636.16,19,202/2
21636.16,20,202/2
22274.61,21,202/2
22274.61,22,202/2
22913.06,23,202/2
22913.06,24,202/2
23551.51,25,202/2
23551.51,26,202/2
24189.96,27,202/2
24189.96,28,202/2
24828.41,29,202/2
24828.41,30,202/2
25466.86,31,202/2
25466.86,32,202/2
25846.15,33,202/2
25846.15,34,202/2
26225.44,35,202/2
26225.44,36,202/2
26604.73,37,202/2
26604.73,38,202/2
26984.02,39,202/2
26984.02,40,202/2
27363.31,41,202/2
27363.31,42,202/2
27363.31,43,202/2
27363.31,44,202/2
27363.31,45,202/2
15476.67,0,210/1
15752.09,1,210/1
16027.51,2,210/1
16302.93,3,210/1
16302.93,4,210/1
16941.38,5,210/1
16941.38,6,210/1
17579.83,7,210/1
17579.83,8,210/1
18218.28,9,210/1
18218.28,10,210/1
18856.73,11,210/1
18856.73,12,210/1
19495.18,13,210/1
19495.18,14,210/1
20133.63,15,210/1
20133.63,16,210/1
20772.08,17,210/1
20772.08,18,210/1
21410.53,19,210/1
21410.53,20,210/1
22048.98,21,210/1
22048.98,22,210/1
22687.43,23,210/1
22687.43,24,210/1
23325.88,25,210/1
23325.88,26,210/1
23964.33,27,210/1
23964.33,28,210/1
24602.78,29,210/1
24602.78,30,210/1
25241.23,31,210/1
25241.23,32,210/1
25241.23,33,210/1
25241.23,34,210/1
25399.21,35,210/1
25399.21,36,210/1
25778.5,37,210/1
25778.5,38,210/1
26157.79,39,210/1
26157.79,40,210/1
26537.08,41,210/1
26537.08,42,210/1
26537.08,43,210/1
26537.08,44,210/1
26537.08,45,210/1
16302.9,0,210/2
16578.32,1,210/2
16853.74,2,210/2
17129.16,3,210/2
17129.16,4,210/2
17767.61,5,210/2
17767.61,6,210/2
18406.06,7,210/2
18406.06,8,210/2
19044.51,9,210/2
19044.51,10,210/2
19682.96,11,210/2
19682.96,12,210/2
20321.41,13,210/2
20321.41,14,210/2
20959.86,15,210/2
20959.86,16,210/2
21598.31,17,210/2
21598.31,18,210/2
22236.76,19,210/2
22236.76,20,210/2
22875.21,21,210/2
22875.21,22,210/2
23513.66,23,210/2
23513.66,24,210/2
24152.11,25,210/2
24152.11,26,210/2
24790.56,27,210/2
24790.56,28,210/2
25429.01,29,210/2
25429.01,30,210/2
26067.46,31,210/2
26067.46,32,210/2
26067.46,33,210/2
26067.46,34,210/2
26225.44,35,210/2
26225.44,36,210/2
26604.73,37,210/2
26604.73,38,210/2
26984.02,39,210/2
26984.02,40,210/2
27363.31,41,210/2
27363.31,42,210/2
27363.31,43,210/2
27363.31,44,210/2
27363.31,45,210/2
19383.38,0,220/1
19658.8,1,220/1
19934.22,2,220/1
20209.64,3,220/1
20209.64,4,220/1
20848.09,5,220/1
20848.09,6,220/1
21486.54,7,220/1
21486.54,8,220/1
22124.99,9,220/1
22124.99,10,220/1
22763.44,11,220/1
22763.44,12,220/1
23401.89,13,220/1
23401.89,14,220/1
24040.34,15,220/1
24040.34,16,220/1
24678.79,17,220/1
24678.79,18,220/1
25317.24,19,220/1
25317.24,20,220/1
25955.69,21,220/1
25955.69,22,220/1
26594.14,23,220/1
26594.14,24,220/1
27232.59,25,220/1
27232.59,26,220/1
27871.04,27,220/1
27871.04,28,220/1
28509.49,29,220/1
28509.49,30,220/1
29147.94,31,220/1
29147.94,32,220/1
29467.17,33,220/1
29467.17,34,220/1
29786.4,35,220/1
29786.4,36,220/1
30105.63,37,220/1
30105.63,38,220/1
30424.86,39,220/1
30424.86,40,220/1
30744.09,41,220/1
30744.09,42,220/1
30744.09,43,220/1
30744.09,44,220/1
30744.09,45,220/1
20209.61,0,220/2
20485.03,1,220/2
20760.45,2,220/2
21035.87,3,220/2
21035.87,4,220/2
21674.32,5,220/2
21674.32,6,220/2
22312.77,7,220/2
22312.77,8,220/2
22951.22,9,220/2
22951.22,10,220/2
23589.67,11,220/2
23589.67,12,220/2
24228.12,13,220/2
24228.12,14,220/2
24866.57,15,220/2
24866.57,16,220/2
25505.02,17,220/2
25505.02,18,220/2
26143.47,19,220/2
26143.47,20,220/2
26781.92,21,220/2
26781.92,22,220/2
27420.37,23,220/2
27420.37,24,220/2
28058.82,25,220/2
28058.82,26,220/2
28697.27,27,220/2
28697.27,28,220/2
29335.72,29,220/2
29335.72,30,220/2
29974.17,31,220/2
29974.17,32,220/2
30293.4,33,220/2
30293.4,34,220/2
30612.63,35,220/2
30612.63,36,220/2
30931.86,37,220/2
30931.86,38,220/2
31251.09,39,220/2
31251.09,40,220/2
31570.32,41,220/2
31570.32,42,220/2
31570.32,43,220/2
31570.32,44,220/2
31570.32,45,220/2
15747.04,0,250/1
16022.46,1,250/1
16297.88,2,250/1
17174.2,3,250/1
17174.2,4,250/1
17737.55,5,250/1
17737.55,6,250/1
18300.9,7,250/1
18300.9,8,250/1
19477.66,9,250/1
19477.66,10,250/1
20041.01,11,250/1
20041.01,12,250/1
20604.36,13,250/1
20604.36,14,250/1
21167.71,15,250/1
21167.71,16,250/1
21731.06,17,250/1
21731.06,18,250/1
22294.41,19,250/1
22294.41,20,250/1
22857.76,21,250/1
22857.76,22,250/1
23421.11,23,250/1
23421.11,24,250/1
23984.46,25,250/1
23984.46,26,250/1
24547.81,27,250/1
24547.81,28,250/1
25111.16,29,250/1
25111.16,30,250/1
25454.18,31,250/1
25454.18,32,250/1
25797.2,33,250/1
25797.2,34,250/1
26140.22,35,250/1
26140.22,36,250/1
26483.24,37,250/1
26483.24,38,250/1
26826.26,39,250/1
26826.26,40,250/1
26826.26,41,250/1
26826.26,42,250/1
26826.26,43,250/1
26826.26,44,250/1
26826.26,45,250/1
16378.9,0,250/2
16654.32,1,250/2
16929.74,2,250/2
17806.06,3,250/2
17806.06,4,250/2
18369.41,5,250/2
18369.41,6,250/2
18932.76,7,250/2
18932.76,8,250/2
20109.52,9,250/2
20109.52,10,250/2
20672.87,11,250/2
20672.87,12,250/2
21236.22,13,250/2
21236.22,14,250/2
21799.57,15,250/2
21799.57,16,250/2
22362.92,17,250/2
22362.92,18,250/2
22926.27,19,250/2
22926.27,20,250/2
23489.62,21,250/2
23489.62,22,250/2
24052.97,23,250/2
24052.97,24,250/2
24616.32,25,250/2
24616.32,26,250/2
25179.67,27,250/2
25179.67,28,250/2
25743.02,29,250/2
25743.02,30,250/2
26086.04,31,250/2
26086.04,32,250/2
26429.06,33,250/2
26429.06,34,250/2
26772.08,35,250/2
26772.08,36,250/2
27115.1,37,250/2
27115.1,38,250/2
27458.12,39,250/2
27458.12,40,250/2
27458.12,41,250/2
27458.12,42,250/2
27458.12,43,250/2
27458.12,44,250/2
27458.12,45,250/2
18131.52,0,250/2s
18406.94,1,250/2s
18682.36,2,250/2s
19558.68,3,250/2s
19558.68,4,250/2s
20122.03,5,250/2s
20122.03,6,250/2s
20685.38,7,250/2s
20685.38,8,250/2s
21862.14,9,250/2s
21862.14,10,250/2s
22425.49,11,250/2s
22425.49,12,250/2s
22988.84,13,250/2s
22988.84,14,250/2s
23552.19,15,250/2s
23552.19,16,250/2s
24115.54,17,250/2s
24115.54,18,250/2s
24678.89,19,250/2s
24678.89,20,250/2s
25242.24,21,250/2s
25242.24,22,250/2s
25805.59,23,250/2s
25805.59,24,250/2s
26368.94,25,250/2s
26368.94,26,250/2s
26932.29,27,250/2s
26932.29,28,250/2s
27495.64,29,250/2s
27495.64,30,250/2s
27838.66,31,250/2s
27838.66,32,250/2s
28181.68,33,250/2s
28181.68,34,250/2s
28524.7,35,250/2s
28524.7,36,250/2s
28867.72,37,250/2s
28867.72,38,250/2s
29210.74,39,250/2s
29210.74,40,250/2s
29210.74,41,250/2s
29210.74,42,250/2s
29210.74,43,250/2s
29210.74,44,250/2s
29210.74,45,250/2s
18131.52,0,250/3
18406.94,1,250/3
18682.36,2,250/3
19558.68,3,250/3
19558.68,4,250/3
20122.03,5,250/3
20122.03,6,250/3
20685.38,7,250/3
20685.38,8,250/3
21862.14,9,250/3
21862.14,10,250/3
22425.49,11,250/3
22425.49,12,250/3
22988.84,13,250/3
22988.84,14,250/3
23552.19,15,250/3
23552.19,16,250/3
24115.54,17,250/3
24115.54,18,250/3
24678.89,19,250/3
24678.89,20,250/3
25242.24,21,250/3
25242.24,22,250/3
25805.59,23,250/3
25805.59,24,250/3
26368.94,25,250/3
26368.94,26,250/3
26932.29,27,250/3
26932.29,28,250/3
27495.64,29,250/3
27495.64,30,250/3
27838.66,31,250/3
27838.66,32,250/3
28181.68,33,250/3
28181.68,34,250/3
28524.7,35,250/3
28524.7,36,250/3
28867.72,37,250/3
28867.72,38,250/3
29210.74,39,250/3
29210.74,40,250/3
29210.74,41,250/3
29210.74,42,250/3
29210.74,43,250/3
29210.74,44,250/3
29210.74,45,250/3
15747.04,0,251/1
16022.46,1,251/1
16297.88,2,251/1
17174.2,3,251/1
17174.2,4,251/1
17737.55,5,251/1
17737.55,6,251/1
18300.9,7,251/1
18300.9,8,251/1
19477.66,9,251/1
19477.66,10,251/1
20041.01,11,251/1
20041.01,12,251/1
20604.36,13,251/1
20604.36,14,251/1
21167.71,15,251/1
21167.71,16,251/1
21731.06,17,251/1
21731.06,18,251/1
22294.41,19,251/1
22294.41,20,251/1
22857.76,21,251/1
22857.76,22,251/1
23421.11,23,251/1
23421.11,24,251/1
23984.46,25,251/1
23984.46,26,251/1
24547.81,27,251/1
24547.81,28,251/1
25111.16,29,251/1
25111.16,30,251/1
25454.18,31,251/1
25454.18,32,251/1
25797.2,33,251/1
25797.2,34,251/1
26140.22,35,251/1
26140.22,36,251/1
26483.24,37,251/1
26483.24,38,251/1
26826.26,39,251/1
26826.26,40,251/1
26826.26,41,251/1
26826.26,42,251/1
26826.26,43,251/1
26826.26,44,251/1
26826.26,45,251/1
16378.9,0,251/2
16654.32,1,251/2
16929.74,2,251/2
17806.06,3,251/2
17806.06,4,251/2
18369.41,5,251/2
18369.41,6,251/2
18932.76,7,251/2
18932.76,8,251/2
20109.52,9,251/2
20109.52,10,251/2
20672.87,11,251/2
20672.87,12,251/2
21236.22,13,251/2
21236.22,14,251/2
21799.57,15,251/2
21799.57,16,251/2
22362.92,17,251/2
22362.92,18,251/2
22926.27,19,251/2
22926.27,20,251/2
23489.62,21,251/2
23489.62,22,251/2
24052.97,23,251/2
24052.97,24,251/2
24616.32,25,251/2
24616.32,26,251/2
25179.67,27,251/2
25179.67,28,251/2
25743.02,29,251/2
25743.02,30,251/2
26086.04,31,251/2
26086.04,32,251/2
26429.06,33,251/2
26429.06,34,251/2
26772.08,35,251/2
26772.08,36,251/2
27115.1,37,251/2
27115.1,38,251/2
27458.12,39,251/2
27458.12,40,251/2
27458.12,41,251/2
27458.12,42,251/2
27458.12,43,251/2
27458.12,44,251/2
27458.12,45,251/2
18131.52,0,251/2s
18406.94,1,251/2s
18682.36,2,251/2s
19558.68,3,251/2s
19558.68,4,251/2s
20122.03,5,251/2s
20122.03,6,251/2s
20685.38,7,251/2s
20685.38,8,251/2s
21862.14,9,251/2s
21862.14,10,251/2s
22425.49,11,251/2s
22425.49,12,251/2s
22988.84,13,251/2s
22988.84,14,251/2s
23552.19,15,251/2s
23552.19,16,251/2s
24115.54,17,251/2s
24115.54,18,251/2s
24678.89,19,251/2s
24678.89,20,251/2s
25242.24,21,251/2s
25242.24,22,251/2s
25805.59,23,251/2s
25805.59,24,251/2s
26368.94,25,251/2s
26368.94,26,251/2s
26932.29,27,251/2s
26932.29,28,251/2s
27495.64,29,251/2s
27495.64,30,251/2s
27838.66,31,251/2s
27838.66,32,251/2s
28181.68,33,251/2s
28181.68,34,251/2s
28524.7,35,251/2s
28524.7,36,251/2s
28867.72,37,251/2s
28867.72,38,251/2s
29210.74,39,251/2s
29210.74,40,251/2s
29210.74,41,251/2s
29210.74,42,251/2s
29210.74,43,251/2s
29210.74,44,251/2s
29210.74,45,251/2s
18131.52,0,251/3
18406.94,1,251/3
18682.36,2,251/3
19558.68,3,251/3
19558.68,4,251/3
20122.03,5,251/3
20122.03,6,251/3
20685.38,7,251/3
20685.38,8,251/3
21862.14,9,251/3
21862.14,10,251/3
22425.49,11,251/3
22425.49,12,251/3
22988.84,13,251/3
22988.84,14,251/3
23552.19,15,251/3
23552.19,16,251/3
24115.54,17,251/3
24115.54,18,251/3
24678.89,19,251/3
24678.89,20,251/3
25242.24,21,251/3
25242.24,22,251/3
25805.59,23,251/3
25805.59,24,251/3
26368.94,25,251/3
26368.94,26,251/3
26932.29,27,251/3
26932.29,28,251/3
27495.64,29,251/3
27495.64,30,251/3
27838.66,31,251/3
27838.66,32,251/3
28181.68,33,251/3
28181.68,34,251/3
28524.7,35,251/3
28524.7,36,251/3
28867.72,37,251/3
28867.72,38,251/3
29210.74,39,251/3
29210.74,40,251/3
29210.74,41,251/3
29210.74,42,251/3
29210.74,43,251/3
29210.74,44,251/3
29210.74,45,251/3
15747.04,0,252/1
16022.46,1,252/1
16297.88,2,252/1
17174.2,3,252/1
17174.2,4,252/1
17737.55,5,252/1
17737.55,6,252/1
18300.9,7,252/1
18300.9,8,252/1
19477.66,9,252/1
19477.66,10,252/1
20041.01,11,252/1
20041.01,12,252/1
20604.36,13,252/1
20604.36,14,252/1
21167.71,15,252/1
21167.71,16,252/1
21731.06,17,252/1
21731.06,18,252/1
22294.41,19,252/1
22294.41,20,252/1
22857.76,21,252/1
22857.76,22,252/1
23421.11,23,252/1
23421.11,24,252/1
23984.46,25,252/1
23984.46,26,252/1
24547.81,27,252/1
24547.81,28,252/1
25111.16,29,252/1
25111.16,30,252/1
25454.18,31,252/1
25454.18,32,252/1
25797.2,33,252/1
25797.2,34,252/1
26140.22,35,252/1
26140.22,36,252/1
26483.24,37,252/1
26483.24,38,252/1
26826.26,39,252/1
26826.26,40,252/1
26826.26,41,252/1
26826.26,42,252/1
26826.26,43,252/1
26826.26,44,252/1
26826.26,45,252/1
16378.9,0,252/2
16654.32,1,252/2
16929.74,2,252/2
17806.06,3,252/2
17806.06,4,252/2
18369.41,5,252/2
18369.41,6,252/2
18932.76,7,252/2
18932.76,8,252/2
20109.52,9,252/2
20109.52,10,252/2
20672.87,11,252/2
20672.87,12,252/2
21236.22,13,252/2
21236.22,14,252/2
21799.57,15,252/2
21799.57,16,252/2
22362.92,17,252/2
22362.92,18,252/2
22926.27,19,252/2
22926.27,20,252/2
23489.62,21,252/2
23489.62,22,252/2
24052.97,23,252/2
24052.97,24,252/2
24616.32,25,252/2
24616.32,26,252/2
25179.67,27,252/2
25179.67,28,252/2
25743.02,29,252/2
25743.02,30,252/2
26086.04,31,252/2
26086.04,32,252/2
26429.06,33,252/2
26429.06,34,252/2
26772.08,35,252/2
26772.08,36,252/2
27115.1,37,252/2
27115.1,38,252/2
27458.12,39,252/2
27458.12,40,252/2
27458.12,41,252/2
27458.12,42,252/2
27458.12,43,252/2
27458.12,44,252/2
27458.12,45,252/2
18131.52,0,252/2s
18406.94,1,252/2s
18682.36,2,252/2s
19558.68,3,252/2s
19558.68,4,252/2s
20122.03,5,252/2s
20122.03,6,252/2s
20685.38,7,252/2s
20685.38,8,252/2s
21862.14,9,252/2s
21862.14,10,252/2s
22425.49,11,252/2s
22425.49,12,252/2s
22988.84,13,252/2s
22988.84,14,252/2s
23552.19,15,252/2s
23552.19,16,252/2s
24115.54,17,252/2s
24115.54,18,252/2s
24678.89,19,252/2s
24678.89,20,252/2s
25242.24,21,252/2s
25242.24,22,252/2s
25805.59,23,252/2s
25805.59,24,252/2s
26368.94,25,252/2s
26368.94,26,252/2s
26932.29,27,252/2s
26932.29,28,252/2s
27495.64,29,252/2s
27495.64,30,252/2s
27838.66,31,252/2s
27838.66,32,252/2s
28181.68,33,252/2s
28181.68,34,252/2s
28524.7,35,252/2s
28524.7,36,252/2s
28867.72,37,252/2s
28867.72,38,252/2s
29210.74,39,252/2s
29210.74,40,252/2s
29210.74,41,252/2s
29210.74,42,252/2s
29210.74,43,252/2s
29210.74,44,252/2s
29210.74,45,252/2s
18131.52,0,252/3
18406.94,1,252/3
18682.36,2,252/3
19558.68,3,252/3
19558.68,4,252/3
20122.03,5,252/3
20122.03,6,252/3
20685.38,7,252/3
20685.38,8,252/3
21862.14,9,252/3
21862.14,10,252/3
22425.49,11,252/3
22425.49,12,252/3
22988.84,13,252/3
22988.84,14,252/3
23552.19,15,252/3
23552.19,16,252/3
24115.54,17,252/3
24115.54,18,252/3
24678.89,19,252/3
24678.89,20,252/3
25242.24,21,252/3
25242.24,22,252/3
25805.59,23,252/3
25805.59,24,252/3
26368.94,25,252/3
26368.94,26,252/3
26932.29,27,252/3
26932.29,28,252/3
27495.64,29,252/3
27495.64,30,252/3
27838.66,31,252/3
27838.66,32,252/3
28181.68,33,252/3
28181.68,34,252/3
28524.7,35,252/3
28524.7,36,252/3
28867.72,37,252/3
28867.72,38,252/3
29210.74,39,252/3
29210.74,40,252/3
29210.74,41,252/3
29210.74,42,252/3
29210.74,43,252/3
29210.74,44,252/3
29210.74,45,252/3
17574.77,0,260/1
17850.19,1,260/1
18125.61,2,260/1
18401.03,3,260/1
18401.03,4,260/1
18964.38,5,260/1
18964.38,6,260/1
19527.73,7,260/1
19527.73,8,260/1
20091.08,9,260/1
20091.08,10,260/1
20654.43,11,260/1
20654.43,12,260/1
21217.78,13,260/1
21217.78,14,260/1
21781.13,15,260/1
21781.13,16,260/1
22344.48,17,260/1
22344.48,18,260/1
22907.83,19,260/1
22907.83,20,260/1
23471.18,21,260/1
23471.18,22,260/1
24034.53,23,260/1
24034.53,24,260/1
24597.88,25,260/1
24597.88,26,260/1
25161.23,27,260/1
25161.23,28,260/1
25724.58,29,260/1
25724.58,30,260/1
25724.58,31,260/1
25724.58,32,260/1
25797.2,33,260/1
25797.2,34,260/1
26140.22,35,260/1
26140.22,36,260/1
26483.24,37,260/1
26483.24,38,260/1
26826.26,39,260/1
26826.26,40,260/1
26826.26,41,260/1
26826.26,42,260/1
26826.26,43,260/1
26826.26,44,260/1
26826.26,45,260/1
18206.63,0,260/2
18482.05,1,260/2
18757.47,2,260/2
19032.89,3,260/2
19032.89,4,260/2
19596.24,5,260/2
19596.24,6,260/2
20159.59,7,260/2
20159.59,8,260/2
20722.94,9,260/2
20722.94,10,260/2
21286.29,11,260/2
21286.29,12,260/2
21849.64,13,260/2
21849.64,14,260/2
22412.99,15,260/2
22412.99,16,260/2
22976.34,17,260/2
22976.34,18,260/2
23539.69,19,260/2
23539.69,20,260/2
24103.04,21,260/2
24103.04,22,260/2
24666.39,23,260/2
24666.39,24,260/2
25229.74,25,260/2
25229.74,26,260/2
25793.09,27,260/2
25793.09,28,260/2
26356.44,29,260/2
26356.44,30,260/2
26356.44,31,260/2
26356.44,32,260/2
26429.06,33,260/2
26429.06,34,260/2
26772.08,35,260/2
26772.08,36,260/2
27115.1,37,260/2
27115.1,38,260/2
27458.12,39,260/2
27458.12,40,260/2
27458.12,41,260/2
27458.12,42,260/2
27458.12,43,260/2
27458.12,44,260/2
27458.12,45,260/2
19959.25,0,260/2s
20234.67,1,260/2s
20510.09,2,260/2s
20785.51,3,260/2s
20785.51,4,260/2s
21348.86,5,260/2s
21348.86,6,260/2s
21912.21,7,260/2s
21912.21,8,260/2s
22475.56,9,260/2s
22475.56,10,260/2s
23038.91,11,260/2s
23038.91,12,260/2s
23602.26,13,260/2s
23602.26,14,260/2s
24165.61,15,260/2s
24165.61,16,260/2s
24728.96,17,260/2s
24728.96,18,260/2s
25292.31,19,260/2s
25292.31,20,260/2s
25855.66,21,260/2s
25855.66,22,260/2s
26419.01,23,260/2s
26419.01,24,260/2s
26982.36,25,260/2s
26982.36,26,260/2s
27545.71,27,260/2s
27545.71,28,260/2s
28109.06,29,260/2s
28109.06,30,260/2s
28109.06,31,260/2s
28109.06,32,260/2s
28181.68,33,260/2s
28181.68,34,260/2s
28524.7,35,260/2s
28524.7,36,260/2s
28867.72,37,260/2s
28867.72,38,260/2s
29210.74,39,260/2s
29210.74,40,260/2s
29210.74,41,260/2s
29210.74,42,260/2s
29210.74,43,260/2s
29210.74,44,260/2s
29210.74,45,260/2s
19959.25,0,260/3
20234.67,1,260/3
20510.09,2,260/3
20785.51,3,260/3
20785.51,4,260/3
21348.86,5,260/3
21348.86,6,260/3
21912.21,7,260/3
21912.21,8,260/3
22475.56,9,260/3
22475.56,10,260/3
23038.91,11,260/3
23038.91,12,260/3
23602.26,13,260/3
23602.26,14,260/3
24165.61,15,260/3
24165.61,16,260/3
24728.96,17,260/3
24728.96,18,260/3
25292.31,19,260/3
25292.31,20,260/3
25855.66,21,260/3
25855.66,22,260/3
26419.01,23,260/3
26419.01,24,260/3
26982.36,25,260/3
26982.36,26,260/3
27545.71,27,260/3
27545.71,28,260/3
28109.06,29,260/3
28109.06,30,260/3
28109.06,31,260/3
28109.06,32,260/3
28181.68,33,260/3
28181.68,34,260/3
28524.7,35,260/3
28524.7,36,260/3
28867.72,37,260/3
28867.72,38,260/3
29210.74,39,260/3
29210.74,40,260/3
29210.74,41,260/3
29210.74,42,260/3
29210.74,43,260/3
29210.74,44,260/3
29210.74,45,260/3
21686.81,0,270/1
21962.23,1,270/1
22237.65,2,270/1
22513.07,3,270/1
22513.07,4,270/1
23076.42,5,270/1
23076.42,6,270/1
23639.77,7,270/1
23639.77,8,270/1
24203.12,9,270/1
24203.12,10,270/1
24766.47,11,270/1
24766.47,12,270/1
25329.82,13,270/1
25329.82,14,270/1
25893.17,15,270/1
25893.17,16,270/1
26456.52,17,270/1
26456.52,18,270/1
27019.87,19,270/1
27019.87,20,270/1
27583.22,21,270/1
27583.22,22,270/1
28146.57,23,270/1
28146.57,24,270/1
28709.92,25,270/1
28709.92,26,270/1
29273.27,27,270/1
29273.27,28,270/1
29836.62,29,270/1
29836.62,30,270/1
30118.3,31,270/1
30118.3,32,270/1
30399.98,33,270/1
30399.98,34,270/1
30681.66,35,270/1
30681.66,36,270/1
30963.34,37,270/1
30963.34,38,270/1
31245.02,39,270/1
31245.02,40,270/1
31245.02,41,270/1
31245.02,42,270/1
31245.02,43,270/1
31245.02,44,270/1
31245.02,45,270/1
22938.67,0,270/2
23214.09,1,270/2
23489.51,2,270/2
23764.93,3,270/2
23764.93,4,270/2
24328.28,5,270/2
24328.28,6,270/2
24891.63,7,270/2
24891.63,8,270/2
25454.98,9,270/2
25454.98,10,270/2
26018.33,11,270/2
26018.33,12,270/2
26581.68,13,270/2
26581.68,14,270/2
27145.03,15,270/2
27145.03,16,270/2
27708.38,17,270/2
27708.38,18,270/2
28271.73,19,270/2
28271.73,20,270/2
28835.08,21,270/2
28835.08,22,270/2
29398.43,23,270/2
29398.43,24,270/2
29961.78,25,270/2
29961.78,26,270/2
30525.13,27,270/2
30525.13,28,270/2
31088.48,29,270/2
31088.48,30,270/2
31370.16,31,270/2
31370.16,32,270/2
31651.84,33,270/2
31651.84,34,270/2
31933.52,35,270/2
31933.52,36,270/2
32215.2,37,270/2
32215.2,38,270/2
32496.88,39,270/2
32496.88,40,270/2
32496.88,41,270/2
32496.88,42,270/2
32496.88,43,270/2
32496.88,44,270/2
32496.88,45,270/2
24691.28,0,270/3
24966.7,1,270/3
25242.12,2,270/3
25517.54,3,270/3
25517.54,4,270/3
26080.89,5,270/3
26080.89,6,270/3
26644.24,7,270/3
26644.24,8,270/3
27207.59,9,270/3
27207.59,10,270/3
27770.94,11,270/3
27770.94,12,270/3
28334.29,13,270/3
28334.29,14,270/3
28897.64,15,270/3
28897.64,16,270/3
29460.99,17,270/3
29460.99,18,270/3
30024.34,19,270/3
30024.34,20,270/3
30587.69,21,270/3
30587.69,22,270/3
31151.04,23,270/3
31151.04,24,270/3
31714.39,25,270/3
31714.39,26,270/3
32277.74,27,270/3
32277.74,28,270/3
32841.09,29,270/3
32841.09,30,270/3
33122.77,31,270/3
33122.77,32,270/3
33404.45,33,270/3
33404.45,34,270/3
33686.13,35,270/3
33686.13,36,270/3
33967.81,37,270/3
33967.81,38,270/3
34249.49,39,270/3
34249.49,40,270/3
34249.49,41,270/3
34249.49,42,270/3
34249.49,43,270/3
34249.49,44,270/3
34249.49,45,270/3
24691.28,0,271/2s
24966.7,1,271/2s
25242.12,2,271/2s
25517.54,3,271/2s
25517.54,4,271/2s
26080.89,5,271/2s
26080.89,6,271/2s
26644.24,7,271/2s
26644.24,8,271/2s
27207.59,9,271/2s
27207.59,10,271/2s
27770.94,11,271/2s
27770.94,12,271/2s
28334.29,13,271/2s
28334.29,14,271/2s
28897.64,15,271/2s
28897.64,16,271/2s
29460.99,17,271/2s
29460.99,18,271/2s
30024.34,19,271/2s
30024.34,20,271/2s
30587.69,21,271/2s
30587.69,22,271/2s
31151.04,23,271/2s
31151.04,24,271/2s
31714.39,25,271/2s
31714.39,26,271/2s
32277.74,27,271/2s
32277.74,28,271/2s
32841.09,29,271/2s
32841.09,30,271/2s
33122.77,31,271/2s
33122.77,32,271/2s
33404.45,33,271/2s
33404.45,34,271/2s
33686.13,35,271/2s
33686.13,36,271/2s
33967.81,37,271/2s
33967.81,38,271/2s
34249.49,39,271/2s
34249.49,40,271/2s
34249.49,41,271/2s
34249.49,42,271/2s
34249.49,43,271/2s
34249.49,44,271/2s
34249.49,45,271/2s
13750.0,0,300/1
13875.74,1,300/1
14001.48,2,300/1
14264.25,3,300/1
14264.25,4,300/1
14555.71,5,300/1
14555.71,6,300/1
14847.17,7,300/1
14847.17,8,300/1
15275.97,9,300/1
15275.97,10,300/1
15536.36,11,300/1
15536.36,12,300/1
15796.75,13,300/1
15796.75,14,300/1
16057.14,15,300/1
16057.14,16,300/1
16317.53,17,300/1
16317.53,18,300/1
16577.92,19,300/1
16577.92,20,300/1
16838.31,21,300/1
16838.31,22,300/1
17098.7,23,300/1
17098.7,24,300/1
17359.09,25,300/1
17359.09,26,300/1
17619.48,27,300/1
17619.48,28,300/1
17879.87,29,300/1
17879.87,30,300/1
18140.26,31,300/1
18140.26,32,300/1
18285.73,33,300/1
18285.73,34,300/1
18431.2,35,300/1
18431.2,36,300/1
18576.67,37,300/1
18576.67,38,300/1
18722.14,39,300/1
18722.14,40,300/1
18867.61,41,300/1
18867.61,42,300/1
18867.61,43,300/1
18867.61,44,300/1
18867.61,45,300/1
14175.63,0,300/2
14301.37,1,300/2
14427.11,2,300/2
14689.88,3,300/2
14689.88,4,300/2
14981.34,5,300/2
14981.34,6,300/2
15272.8,7,300/2
15272.8,8,300/2
15701.6,9,300/2
15701.6,10,300/2
15961.99,11,300/2
15961.99,12,300/2
16222.38,13,300/2
16222.38,14,300/2
16482.77,15,300/2
16482.77,16,300/2
16743.16,17,300/2
16743.16,18,300/2
17003.55,19,300/2
17003.55,20,300/2
17263.94,21,300/2
17263.94,22,300/2
17524.33,23,300/2
17524.33,24,300/2
17784.72,25,300/2
17784.72,26,300/2
18045.11,27,300/2
18045.11,28,300/2
18305.5,29,300/2
18305.5,30,300/2
18565.89,31,300/2
18565.89,32,300/2
18711.36,33,300/2
18711.36,34,300/2
18856.83,35,300/2
18856.83,36,300/2
19002.3,37,300/2
19002.3,38,300/2
19147.77,39,300/2
19147.77,40,300/2
19293.24,41,300/2
19293.24,42,300/2
19293.24,43,300/2
19293.24,44,300/2
19293.24,45,300/2
15252.24,0,300/3
15377.98,1,300/3
15503.72,2,300/3
15766.49,3,300/3
15766.49,4,300/3
16057.95,5,300/3
16057.95,6,300/3
16349.41,7,300/3
16349.41,8,300/3
16778.21,9,300/3
16778.21,10,300/3
17038.6,11,300/3
17038.6,12,300/3
17298.99,13,300/3
17298.99,14,300/3
17559.38,15,300/3
17559.38,16,300/3
17819.77,17,300/3
17819.77,18,300/3
18080.16,19,300/3
18080.16,20,300/3
18340.55,21,300/3
18340.55,22,300/3
18600.94,23,300/3
18600.94,24,300/3
18861.33,25,300/3
18861.33,26,300/3
19121.72,27,300/3
19121.72,28,300/3
19382.11,29,300/3
19382.11,30,300/3
19642.5,31,300/3
19642.5,32,300/3
19787.97,33,300/3
19787.97,34,300/3
19933.44,35,300/3
19933.44,36,300/3
20078.91,37,300/3
20078.91,38,300/3
20224.38,39,300/3
20224.38,40,300/3
20369.85,41,300/3
20369.85,42,300/3
20369.85,43,300/3
20369.85,44,300/3
20369.85,45,300/3
13750.0,0,301/1
13875.74,1,301/1
14001.48,2,301/1
14264.25,3,301/1
14264.25,4,301/1
14555.71,5,301/1
14555.71,6,301/1
14847.17,7,301/1
14847.17,8,301/1
15275.97,9,301/1
15275.97,10,301/1
15536.36,11,301/1
15536.36,12,301/1
15796.75,13,301/1
15796.75,14,301/1
16057.14,15,301/1
16057.14,16,301/1
16317.53,17,301/1
16317.53,18,301/1
16577.92,19,301/1
16577.92,20,301/1
16838.31,21,301/1
16838.31,22,301/1
17098.7,23,301/1
17098.7,24,301/1
17359.09,25,301/1
17359.09,26,301/1
17619.48,27,301/1
17619.48,28,301/1
17879.87,29,301/1
17879.87,30,301/1
18140.26,31,301/1
18140.26,32,301/1
18285.73,33,301/1
18285.73,34,301/1
18431.2,35,301/1
18431.2,36,301/1
18576.67,37,301/1
18576.67,38,301/1
18722.14,39,301/1
18722.14,40,301/1
18867.61,41,301/1
18867.61,42,301/1
18867.61,43,301/1
18867.61,44,301/1
18867.61,45,301/1
14175.63,0,301/2
14301.37,1,301/2
14427.11,2,301/2
14689.88,3,301/2
14689.88,4,301/2
14981.34,5,301/2
14981.34,6,301/2
15272.8,7,301/2
15272.8,8,301/2
15701.6,9,301/2
15701.6,10,301/2
15961.99,11,301/2
15961.99,12,301/2
16222.38,13,301/2
16222.38,14,301/2
16482.77,15,301/2
16482.77,16,301/2
16743.16,17,301/2
16743.16,18,301/2
17003.55,19,301/2
17003.55,20,301/2
17263.94,21,301/2
17263.94,22,301/2
17524.33,23,301/2
17524.33,24,301/2
17784.72,25,301/2
17784.72,26,301/2
18045.11,27,301/2
18045.11,28,301/2
18305.5,29,301/2
18305.5,30,301/2
18565.89,31,301/2
18565.89,32,301/2
18711.36,33,301/2
18711.36,34,301/2
18856.83,35,301/2
18856.83,36,301/2
19002.3,37,301/2
19002.3,38,301/2
19147.77,39,301/2
19147.77,40,301/2
19293.24,41,301/2
19293.24,42,301/2
19293.24,43,301/2
19293.24,44,301/2
19293.24,45,301/2
15252.24,0,301/3
15377.98,1,301/3
15503.72,2,301/3
15766.49,3,301/3
15766.49,4,301/3
16057.95,5,301/3
16057.95,6,301/3
16349.41,7,301/3
16349.41,8,301/3
16778.21,9,301/3
16778.21,10,301/3
17038.6,11,301/3
17038.6,12,301/3
17298.99,13,301/3
17298.99,14,301/3
17559.38,15,301/3
17559.38,16,301/3
17819.77,17,301/3
17819.77,18,301/3
18080.16,19,301/3
18080.16,20,301/3
18340.55,21,301/3
18340.55,22,301/3
18600.94,23,301/3
18600.94,24,301/3
18861.33,25,301/3
18861.33,26,301/3
19121.72,27,301/3
19121.72,28,301/3
19382.11,29,301/3
19382.11,30,301/3
19642.5,31,301/3
19642.5,32,301/3
19787.97,33,301/3
19787.97,34,301/3
19933.44,35,301/3
19933.44,36,301/3
20078.91,37,301/3
20078.91,38,301/3
20224.38,39,301/3
20224.38,40,301/3
20369.85,41,301/3
20369.85,42,301/3
20369.85,43,301/3
20369.85,44,301/3
20369.85,45,301/3
13750.0,0,302/1
13875.74,1,302/1
14001.48,2,302/1
14264.25,3,302/1
14264.25,4,302/1
14555.71,5,302/1
14555.71,6,302/1
14847.17,7,302/1
14847.17,8,302/1
15275.97,9,302/1
15275.97,10,302/1
15536.36,11,302/1
15536.36,12,302/1
15796.75,13,302/1
15796.75,14,302/1
16057.14,15,302/1
16057.14,16,302/1
16317.53,17,302/1
16317.53,18,302/1
16577.92,19,302/1
16577.92,20,302/1
16838.31,21,302/1
16838.31,22,302/1
17098.7,23,302/1
17098.7,24,302/1
17359.09,25,302/1
17359.09,26,302/1
17619.48,27,302/1
17619.48,28,302/1
17879.87,29,302/1
17879.87,30,302/1
18140.26,31,302/1
18140.26,32,302/1
18285.73,33,302/1
18285.73,34,302/1
18431.2,35,302/1
18431.2,36,302/1
18576.67,37,302/1
18576.67,38,302/1
18722.14,39,302/1
18722.14,40,302/1
18867.61,41,302/1
18867.61,42,302/1
18867.61,43,302/1
18867.61,44,302/1
18867.61,45,302/1
14175.63,0,302/2
14301.37,1,302/2
14427.11,2,302/2
14689.88,3,302/2
14689.88,4,302/2
14981.34,5,302/2
14981.34,6,302/2
15272.8,7,302/2
15272.8,8,302/2
15701.6,9,302/2
15701.6,10,302/2
15961.99,11,302/2
15961.99,12,302/2
16222.38,13,302/2
16222.38,14,302/2
16482.77,15,302/2
16482.77,16,302/2
16743.16,17,302/2
16743.16,18,302/2
17003.55,19,302/2
17003.55,20,302/2
17263.94,21,302/2
17263.94,22,302/2
17524.33,23,302/2
17524.33,24,302/2
17784.72,25,302/2
17784.72,26,302/2
18045.11,27,302/2
18045.11,28,302/2
18305.5,29,302/2
18305.5,30,302/2
18565.89,31,302/2
18565.89,32,302/2
18711.36,33,302/2
18711.36,34,302/2
18856.83,35,302/2
18856.83,36,302/2
19002.3,37,302/2
19002.3,38,302/2
19147.77,39,302/2
19147.77,40,302/2
19293.24,41,302/2
19293.24,42,302/2
19293.24,43,302/2
19293.24,44,302/2
19293.24,45,302/2
15252.24,0,302/3
15377.98,1,302/3
15503.72,2,302/3
15766.49,3,302/3
15766.49,4,302/3
16057.95,5,302/3
16057.95,6,302/3
16349.41,7,302/3
16349.41,8,302/3
16778.21,9,302/3
16778.21,10,302/3
17038.6,11,302/3
17038.6,12,302/3
17298.99,13,302/3
17298.99,14,302/3
17559.38,15,302/3
17559.38,16,302/3
17819.77,17,302/3
17819.77,18,302/3
18080.16,19,302/3
18080.16,20,302/3
18340.55,21,302/3
18340.55,22,302/3
18600.94,23,302/3
18600.94,24,302/3
18861.33,25,302/3
18861.33,26,302/3
19121.72,27,302/3
19121.72,28,302/3
19382.11,29,302/3
19382.11,30,302/3
19642.5,31,302/3
19642.5,32,302/3
19787.97,33,302/3
19787.97,34,302/3
19933.44,35,302/3
19933.44,36,302/3
20078.91,37,302/3
20078.91,38,302/3
20224.38,39,302/3
20224.38,40,302/3
20369.85,41,302/3
20369.85,42,302/3
20369.85,43,302/3
20369.85,44,302/3
20369.85,45,302/3
14457.22,0,310/1
14607.45,1,310/1
14757.68,2,310/1
14907.91,3,310/1
14907.91,4,310/1
15168.3,5,310/1
15168.3,6,310/1
15428.69,7,310/1
15428.69,8,310/1
15689.08,9,310/1
15689.08,10,310/1
15949.47,11,310/1
15949.47,12,310/1
16209.86,13,310/1
16209.86,14,310/1
16470.25,15,310/1
16470.25,16,310/1
16730.64,17,310/1
16730.64,18,310/1
16991.03,19,310/1
16991.03,20,310/1
17251.42,21,310/1
17251.42,22,310/1
17511.81,23,310/1
17511.81,24,310/1
17772.2,25,310/1
17772.2,26,310/1
18032.59,27,310/1
18032.59,28,310/1
18292.98,29,310/1
18292.98,30,310/1
18292.98,31,310/1
18292.98,32,310/1
18292.98,33,310/1
18292.98,34,310/1
18431.2,35,310/1
18431.2,36,310/1
18576.67,37,310/1
18576.67,38,310/1
18722.14,39,310/1
18722.14,40,310/1
18867.61,41,310/1
18867.61,42,310/1
18867.61,43,310/1
18867.61,44,310/1
18867.61,45,310/1
14882.85,0,310/2
15033.08,1,310/2
15183.31,2,310/2
15333.54,3,310/2
15333.54,4,310/2
15593.93,5,310/2
15593.93,6,310/2
15854.32,7,310/2
15854.32,8,310/2
16114.71,9,310/2
16114.71,10,310/2
16375.1,11,310/2
16375.1,12,310/2
16635.49,13,310/2
16635.49,14,310/2
16895.88,15,310/2
16895.88,16,310/2
17156.27,17,310/2
17156.27,18,310/2
17416.66,19,310/2
17416.66,20,310/2
17677.05,21,310/2
17677.05,22,310/2
17937.44,23,310/2
17937.44,24,310/2
18197.83,25,310/2
18197.83,26,310/2
18458.22,27,310/2
18458.22,28,310/2
18718.61,29,310/2
18718.61,30,310/2
18718.61,31,310/2
18718.61,32,310/2
18718.61,33,310/2
18718.61,34,310/2
18856.83,35,310/2
18856.83,36,310/2
19002.3,37,310/2
19002.3,38,310/2
19147.77,39,310/2
19147.77,40,310/2
19293.24,41,310/2
19293.24,42,310/2
19293.24,43,310/2
19293.24,44,310/2
19293.24,45,310/2
15959.46,0,310/3
16109.69,1,310/3
16259.92,2,310/3
16410.15,3,310/3
16410.15,4,310/3
16670.54,5,310/3
16670.54,6,310/3
16930.93,7,310/3
16930.93,8,310/3
17191.32,9,310/3
17191.32,10,310/3
17451.71,11,310/3
17451.71,12,310/3
17712.1,13,310/3
17712.1,14,310/3
17972.49,15,310/3
17972.49,16,310/3
18232.88,17,310/3
18232.88,18,310/3
18493.27,19,310/3
18493.27,20,310/3
18753.66,21,310/3
18753.66,22,310/3
19014.05,23,310/3
19014.05,24,310/3
19274.44,25,310/3
19274.44,26,310/3
19534.83,27,310/3
19534.83,28,310/3
19795.22,29,310/3
19795.22,30,310/3
19795.22,31,310/3
19795.22,32,310/3
19795.22,33,310/3
19795.22,34,310/3
19933.44,35,310/3
19933.44,36,310/3
20078.91,37,310/3
20078.91,38,310/3
20224.38,39,310/3
20224.38,40,310/3
20369.85,41,310/3
20369.85,42,310/3
20369.85,43,310/3
20369.85,44,310/3
20369.85,45,310/3
16773.17,0,320/1
16923.4,1,320/1
17073.63,2,320/1
17223.86,3,320/1
17223.86,4,320/1
17484.25,5,320/1
17484.25,6,320/1
17744.64,7,320/1
17744.64,8,320/1
18005.03,9,320/1
18005.03,10,320/1
18265.42,11,320/1
18265.42,12,320/1
18525.81,13,320/1
18525.81,14,320/1
18786.2,15,320/1
18786.2,16,320/1
19046.59,17,320/1
19046.59,18,320/1
19306.98,19,320/1
19306.98,20,320/1
19567.37,21,320/1
19567.37,22,320/1
19827.76,23,320/1
19827.76,24,320/1
20088.15,25,320/1
20088.15,26,320/1
20348.54,27,320/1
20348.54,28,320/1
20608.93,29,320/1
20608.93,30,320/1
20869.32,31,320/1
20869.32,32,320/1
20999.52,33,320/1
20999.52,34,320/1
21129.72,35,320/1
21129.72,36,320/1
21259.92,37,320/1
21259.92,38,320/1
21390.12,39,320/1
21390.12,40,320/1
21520.32,41,320/1
21520.32,42,320/1
21520.32,43,320/1
21520.32,44,320/1
21520.32,45,320/1
17198.81,0,320/2
17349.04,1,320/2
17499.27,2,320/2
17649.5,3,320/2
17649.5,4,320/2
17909.89,5,320/2
17909.89,6,320/2
18170.28,7,320/2
18170.28,8,320/2
18430.67,9,320/2
18430.67,10,320/2
18691.06,11,320/2
18691.06,12,320/2
18951.45,13,320/2
18951.45,14,320/2
19211.84,15,320/2
19211.84,16,320/2
19472.23,17,320/2
19472.23,18,320/2
19732.62,19,320/2
19732.62,20,320/2
19993.01,21,320/2
19993.01,22,320/2
20253.4,23,320/2
20253.4,24,320/2
20513.79,25,320/2
20513.79,26,320/2
20774.18,27,320/2
20774.18,28,320/2
21034.57,29,320/2
21034.57,30,320/2
21294.96,31,320/2
21294.96,32,320/2
21425.16,33,320/2
21425.16,34,320/2
21555.36,35,320/2
21555.36,36,320/2
21685.56,37,320/2
21685.56,38,320/2
21815.76,39,320/2
21815.76,40,320/2
21945.96,41,320/2
21945.96,42,320/2
21945.96,43,320/2
21945.96,44,320/2
21945.96,45,320/2
18275.42,0,320/3
18425.65,1,320/3
18575.88,2,320/3
18726.11,3,320/3
18726.11,4,320/3
18986.5,5,320/3
18986.5,6,320/3
19246.89,7,320/3
19246.89,8,320/3
19507.28,9,320/3
19507.28,10,320/3
19767.67,11,320/3
19767.67,12,320/3
20028.06,13,320/3
20028.06,14,320/3
20288.45,15,320/3
20288.45,16,320/3
20548.84,17,320/3
20548.84,18,320/3
20809.23,19,320/3
20809.23,20,320/3
21069.62,21,320/3
21069.62,22,320/3
21330.01,23,320/3
21330.01,24,320/3
21590.4,25,320/3
21590.4,26,320/3
21850.79,27,320/3
21850.79,28,320/3
22111.18,29,320/3
22111.18,30,320/3
22371.57,31,320/3
22371.57,32,320/3
22501.77,33,320/3
22501.77,34,320/3
22631.97,35,320/3
22631.97,36,320/3
22762.17,37,320/3
22762.17,38,320/3
22892.37,39,320/3
22892.37,40,320/3
23022.57,41,320/3
23022.57,42,320/3
23022.57,43,320/3
23022.57,44,320/3
23022.57,45,320/3
